duration_range,episode_count,avg_watch_percentage
0-10min,2506,57.4968076616121309
10-20min,1960,57.5316326530612245
20-30min,11032,56.9689992748368383
30-40min,2610,56.2762452107279693
40-50min,7118,56.3925259904467547
50-60min,3281,55.1420298689423956
60-70min,1615,56.4018575851393189
70-80min,248,56.5483870967741935
80-90min,2114,59.0666982024597919
90-100min,428,60.5747663551401869
