"episode_number","avg_drop_off_probability"
1,"0.41212600024044516"
2,"0.4821388324801351"
3,"0.4813739842757946"
4,"0.48096303871280116"
5,"0.48749380152333865"
6,"0.483609603348505"
7,"0.4880065787910369"
8,"0.48446067487925626"
9,"0.47636455652080006"
10,"0.47674867802511445"
