"pacing_score","cognitive_load","avg_drop_off_probability"
3,7,"0.5557756096270027"
3,9,"0.6709390465418498"
4,7,"0.5441306091140573"
4,9,"0.6573459144928112"
5,5,"0.4150741076264148"
5,7,"0.5301764500977401"
