"pacing_score","avg_drop_off_probability"
3,"0.5947825801949347"
4,"0.5826076436053821"
5,"0.4536347724783192"
6,"0.43901734882049737"
7,"0.42776519762165277"
8,"0.35235723420958515"
